"subreddit","sentiment","count"
"electricvehicles","neutral","42"
"cars","neutral","46"
"technology","neutral","65"
"investing","negative","31"
"teslamotors","negative","21"
"cars","positive","55"
"stocks","neutral","2"
"cars","negative","49"
"electricvehicles","negative","39"
"technology","negative","55"
"investing","positive","113"
"investing","neutral","4"
"teslamotors","neutral","70"
"electricvehicles","positive","68"
"teslamotors","positive","58"
"technology","positive","26"
"stocks","negative","33"
"stocks","positive","113"
